<?xml version="1.0" encoding="utf-8"?>
<!--
/*
 * manifest file for jQuery Chat
 *
 * @copyright Copyright (C) 2009-2010 KANekT @ http://blog.kanekt.ru
 * @license http://www.gnu.org/licenses/gpl.html GPL version 2 or higher
 * Donate Web Money Z104136428007 R346491122688
 * @package jQuery Chat
*/
-->

<extension engine="1.0">
	<id>jq_chat</id>
	<title>jQuery Chat</title>
	<version>0.7.3</version>
	<description>Adds a jQuery chat to the forum index.</description>
	<author>KANekT</author>
	<minversion>1.3</minversion>
	<maxtestedon>1.3.4</maxtestedon>

	<dependencies>
		<dependency>jquery</dependency>
	</dependencies>

	<install><![CDATA[

// check the PHP version
if(version_compare(PHP_VERSION, '5.2.1') === -1) {
	$notices[] = '<strong>ERROR !</strong> PHP 5.2.1 or superior required ('.PHP_VERSION.' found). This extension cannot be run on your server, please uninstall it.';
}
// check write access on some files
if(!is_writable($ext_info['path'].'/data/chat.dat') || !is_writable($ext_info['path'].'/data/.htaccess')) {
	$notices[] = '<strong>WARNING !</strong> Write access needed. Please give php the permission to write in <em>jq_chat/data/chat.dat</em> and <em>jq_chat/data/.htaccess</em> before running the chat.';
}
				$query = array(
				   'INSERT'  => 'conf_name, conf_value',
				   'INTO'    => 'config',
				   'VALUES'  => '\'o_log_view\', \'0\'' 
				);
				$forum_db->query_build($query);
				$query = array(
				   'INSERT'  => 'conf_name, conf_value',
				   'INTO'    => 'config',
				   'VALUES'  => '\'o_guest_write\', \'0\'' 
				);				
				$forum_db->query_build($query);
				$query = array(
				   'INSERT'  => 'conf_name, conf_value',
				   'INTO'    => 'config',
				   'VALUES'  => '\'o_guest_read\', \'0\'' 
				);				
				$forum_db->query_build($query);
				$query = array(
				   'INSERT'  => 'conf_name, conf_value',
				   'INTO'    => 'config',
				   'VALUES'  => '\'o_chat_on\', \'1\'' 
				);				
				$forum_db->query_build($query);
				
		if (!$forum_db->field_exists('users', 'chat_enable'))
			$forum_db->add_field('users', 'chat_enable', 'TINYINT(1)', true, '1');
		if (!$forum_db->field_exists('users', 'chat_disable_adm'))
			$forum_db->add_field('users', 'chat_disable_adm', 'TINYINT(1)', true, '0');
	]]></install>
	<uninstall>
		<![CDATA[
		
		$forum_db->drop_field('users', 'chat_enable');
		$forum_db->drop_field('users', 'chat_disable_adm');
		
			$query = array(
				'DELETE' => 'config',
				'WHERE'		=> 'conf_name in (\'o_log_view\')',
			);
			$forum_db->query_build($query);
			$query = array(
				'DELETE' => 'config',
				'WHERE'		=> 'conf_name in (\'o_guest_write\')',
			);
			$forum_db->query_build($query);
			$query = array(
				'DELETE' => 'config',
				'WHERE'		=> 'conf_name in (\'o_guest_read\')',
			);
			$forum_db->query_build($query);
			$query = array(
				'DELETE' => 'config',
				'WHERE'		=> 'conf_name in (\'o_chat_on\')',
			);
			$forum_db->query_build($query);
		]]>
	</uninstall>
	<hooks>
		<hook id="co_common"><![CDATA[
			$pun_extensions_used = array_merge(isset($pun_extensions_used) ? $pun_extensions_used : array(), array($ext_info['id']));
		]]></hook>

		<hook id="hd_head" priority="10"><![CDATA[
		if ($forum_config['o_chat_on'] == '1')
		{

		// add javascript and style files on the Index
		if(FORUM_PAGE === 'index') {
			if($forum_user['is_guest'])
			{
				$diff = ($forum_config['o_default_timezone'] + $forum_config['o_default_dst']) * 3600;
			}
			else
			{
				$diff = ($forum_user['timezone'] + $forum_user['dst']) * 3600;
			}
			if($forum_user['g_id'] == FORUM_ADMIN)
			{
				$adm = 1;
			}
			else
			{
				$adm = 0;
			}			
			$ape = 'var chat_hour = \''.$diff.'\';';
			$ape .= 'var adm = \''.$adm.'\';';
			$ape .= 'var chat_log = \''.$forum_config['o_log_view'].'\';';
			$forum_head['jq_chat_js2'] = '<script type="text/javascript">'."\n".$ape."\n".'</script>';
			
			$forum_head['jq_chat_js'] = '<script type="text/javascript" src="'.$ext_info['url'].'/chat.js"></script>';

			$jq_chat_css = (file_exists($ext_info['path'].'/'.$forum_user['style'].'.css')) ? $forum_user['style'] : 'default';
			$forum_head['style_jq_chat'] = '<link rel="stylesheet" type="text/css" media="screen" href="'.$ext_info['url'].'/'.$jq_chat_css.'.css" />';
			
			
			}
		}
		]]></hook>
		
		<hook id="in_main_output_start"><![CDATA[
		if ($forum_config['o_chat_on'] == '1')
		{

		if (file_exists($ext_info['path'].'/lang/'.$forum_user['language'].'.php'))
			require $ext_info['path'].'/lang/'.$forum_user['language'].'.php';
		else
			require $ext_info['path'].'/lang/English.php';

		if ($forum_user['is_guest'])
		{
			$user=$lang_jq_chat['Guest'];
			$user_id=1;
		}
		else 
		{
			$user=$forum_user['username'];
			$user_id=$forum_user['id'];
		}

		if ($forum_config['o_guest_read'] == '0' && $forum_user['is_guest'])
		{
?>
<div class="main-head">
    <h2 class="hn"><span><span class="item-info"><?php echo $lang_jq_chat['Chat guest off']; ?></span></span></h2>
</div>
	<div class="main-subhead"> 
		<p class="item-summary"> </p> 
	</div> 
<?php	
		}
		else if ($forum_user['chat_disable_adm'] == '1')
		{
?>
<div class="main-head">
    <h2 class="hn"><span><span class="item-info"><?php echo $lang_jq_chat['Chat Disabled']; ?></span></span></h2>
</div>
	<div class="main-subhead"> 
		<p class="item-summary"> </p> 
	</div> 
<?php
		}		
		else
		{
			if ($forum_user['chat_enable'] == '0')
			{
	?>
	<div class="main-head">
		<p class="options"><span class="first-item"><strong><a href="#" id="chat-control">+</a></strong></span></p>
		<h2 class="hn"><span><span class="item-info"><?php echo $lang_jq_chat['Chat']; ?></span></span></h2>
	</div>
	<script type="text/javascript">
	$(document).ready(
		function() { 
			$("#chat-control").toggle(
				function () {
					$("#chat-room").show();
					$("#chat-control").text('-');
					$(".chat").scrollTop($(".chat").get(0).scrollHeight);
				},
				function () {
					$("#chat-room").hide();
					$("#chat-control").text('+');
			   }
			);
		}
	);		
	</script>	
<div id="chat-room" class="main-content" style="display:none;">
	<?php
			}
			else
			{
	?>
	<div class="main-head">
		<p class="options"><span class="first-item"><strong><a href="#" id="chat-control">-</a></strong></span></p>
		<h2 class="hn"><span><span class="item-info"><?php echo $lang_jq_chat['Chat']; ?></span></span></h2>
	</div>
	<script type="text/javascript">
	$(document).ready(
		function() { 
			$("#chat-control").toggle(
				function () {
					$("#chat-room").hide();
					$("#chat-control").text('+');
				},
				function () {
					$("#chat-room").show();
					$("#chat-control").text('-');
					$(".chat").scrollTop($(".chat").get(0).scrollHeight);
			   }
			);
		}
	);		
	</script>	
<div id="chat-room" class="main-content">
	<?php
			}
?>

<!-- Вот в этих 2-х div-ах будут идти наши сообщения из чата -->
<div class="frm-group group1">

<div class="chat r4">
<div id="chat_area"><!-- Сюда мы будем добавлять новые сообщения --></div>
</div>
<?php

        if ($forum_config['o_guest_write'] == '0' && $forum_user['is_guest'])
        {
            echo $lang_jq_chat['Chat guest index'];
        }
        else
        {
?>
<div class="chatform">
    <form id="pac_form" action=""><!-- Наша форма с именем, сообщением и кнопкой для отправки -->
    <p>                <!-- Поле ввода сообщения -->
         <span style="width: 80%;"><?php echo $lang_jq_chat['Message'];?><input type="hidden" id="pac_name" class="r4" value="<?php echo $user ?>" readonly="readonly"><input type="hidden" id="pac_id" class="r4" value="<?php echo $user_id ?>" readonly="readonly"><input type="text" id="pac_text" class="r4" value=""></span>
                <!-- Кнопка "Отправить" -->
        <span style="width: 20%;"><input type="submit" value="<?php echo $lang_jq_chat['Send'];?>"></span>
     </p>
    </form>
</div>
<?php
        }
?>
</div>
</div>
<p></p>
<?php
		}

}
		]]></hook>
		<hook id="pf_change_details_settings_local_fieldset_end"><![CDATA[
		if (file_exists($ext_info['path'].'/lang/'.$forum_user['language'].'.php'))
			require $ext_info['path'].'/lang/'.$forum_user['language'].'.php';
		else
			require $ext_info['path'].'/lang/English.php';
			
		$forum_page['item_count'] = 0;
?>
			<fieldset class="frm-group group<?php echo ++$forum_page['group_count'] ?>">
				<legend class="group-legend"><strong><?php echo $lang_profile['Display settings'] ?></strong></legend>
				<fieldset class="mf-set set<?php echo ++$forum_page['item_count'] ?>">
					<legend><span><?php echo $lang_jq_chat['Manage chat'] ?></span></legend>
					<div class="mf-box">
						<div class="mf-item">
<?php if ($user['id'] == $forum_user['id']): 
			if ($forum_user['is_admmod'] || $user['chat_disable_adm'] == 0) : ?>						
							<span class="fld-input"><input type="checkbox" id="fld<?php echo ++$forum_page['fld_count'] ?>" name="form[chat_enable]" value="1"<?php if ($user['chat_enable'] == '1') echo ' checked="checked"' ?> /></span>
							<label for="fld<?php echo $forum_page['fld_count'] ?>"><?php echo $lang_jq_chat['Chat Enable'] ?></label>
<?php		else : ?>
							<span class="fld-input"><input type="checkbox" id="fld<?php echo ++$forum_page['fld_count'] ?>" name="disabled" value="1" disabled="disabled" /></span>
							<label for="fld<?php echo $forum_page['fld_count'] ?>"><?php echo $lang_jq_chat['Chat Disabled'] ?></label>
<?php 		endif; ?>
<?php else : ?>
							<span class="fld-input"><input type="checkbox" id="fld<?php echo ++$forum_page['fld_count'] ?>" name="form[chat_disable_adm]" value="1"<?php if ($user['chat_disable_adm'] == '1') echo ' checked="checked"' ?> /></span>
							<label for="fld<?php echo $forum_page['fld_count'] ?>"><?php echo $lang_jq_chat['Chat adm'] ?></label>
<?php endif; ?>							
						</div>
					</div>
				</fieldset>
			</fieldset>	
<?php 		
		]]></hook>
		<hook id="pf_change_details_settings_validation"><![CDATA[
		
		if ($forum_user['is_admmod'] && $user['id'] != $forum_user['id']) {
			$form['chat_disable_adm'] = (isset($_POST['form']['chat_disable_adm'])) ? 1 :0;
		}
		else { 
		 	$form['chat_enable'] = (isset($_POST['form']['chat_enable'])) ? 1 :0; 
		}

		]]></hook>
		
		<hook id="aop_features_general_fieldset_end"><![CDATA[
				if (file_exists($ext_info['path'].'/lang/'.$forum_user['language'].'.php'))
					require $ext_info['path'].'/lang/'.$forum_user['language'].'.php';
				else
					require $ext_info['path'].'/lang/English.php';
?>
				<div class="content-head">
					<h2 class="hn"><span><?php echo $lang_jq_chat['Chat name'] ?></span></h2>
				</div>
		<fieldset class="frm-group group<?php echo ++$forum_page['group_count'] ?>">
		<legend class="group-legend"><strong><?php echo $lang_jq_chat['Chat name'] ?></strong></legend>
			<div class="sf-set set<?php echo ++$forum_page['item_count'] ?>">
				<div class="sf-box checkbox">
					<span class="fld-input"><input type="checkbox" id="fld<?php echo ++$forum_page['fld_count'] ?>" name="form[chat_on]" value="1"<?php if ($forum_config['o_chat_on'] == '1') echo ' checked="checked"' ?> /></span>
					<label for="fld<?php echo $forum_page['fld_count'] ?>"><span><?php echo $lang_jq_chat['Chat desc'] ?></span> <?php echo $lang_jq_chat['Chat on'] ?></label>
				</div>
			</div>
			<div class="sf-set set<?php echo ++$forum_page['item_count'] ?>">
				<div class="sf-box checkbox">
					<span class="fld-input"><input type="checkbox" id="fld<?php echo ++$forum_page['fld_count'] ?>" name="form[log_view]" value="1"<?php if ($forum_config['o_log_view'] == '1') echo ' checked="checked"' ?> /></span>
					<label for="fld<?php echo $forum_page['fld_count'] ?>"><span><?php echo $lang_jq_chat['Chat desc'] ?></span> <?php echo $lang_jq_chat['Chat label'] ?></label>
				</div>
			</div>
			<div class="sf-set set<?php echo ++$forum_page['item_count'] ?>">
				<div class="sf-box checkbox">
				<span class="fld-input"><input type="checkbox" id="fld<?php echo ++$forum_page['fld_count'] ?>" name="form[guest_read]" value="1"<?php if ($forum_config['o_guest_read'] == '1') echo ' checked="checked"' ?> /></span>
					<label for="fld<?php echo $forum_page['fld_count'] ?>"><span><?php echo $lang_jq_chat['Chat desc'] ?></span> <?php echo $lang_jq_chat['Chat guest read'] ?></label>
				</div>
			</div>
			<div class="sf-set set<?php echo ++$forum_page['item_count'] ?>">
				<div class="sf-box checkbox">
				<span class="fld-input"><input type="checkbox" id="fld<?php echo ++$forum_page['fld_count'] ?>" name="form[guest_write]" value="1"<?php if ($forum_config['o_guest_write'] == '1') echo ' checked="checked"' ?> /></span>
					<label for="fld<?php echo $forum_page['fld_count'] ?>"><span><?php echo $lang_jq_chat['Chat desc'] ?></span> <?php echo $lang_jq_chat['Chat guest write'] ?></label>
				</div>
			</div>
		</fieldset>

<?php
		]]></hook>
		<hook id="aop_features_validation"><![CDATA[
			if (!isset($form['chat_on']) || $form['chat_on'] != '1') $form['chat_on'] = '0';
			if (!isset($form['log_view']) || $form['log_view'] != '1') $form['log_view'] = '0';
			if (!isset($form['guest_read']) || $form['guest_read'] != '1') $form['guest_read'] = '0';
			if (!isset($form['guest_write']) || $form['guest_write'] != '1') $form['guest_write'] = '0';
		]]></hook>
		
	</hooks>
</extension>