<?xml version="1.0" encoding="utf-8"?>
<!--
/*
 * manifest file for First Post
 *
 * @copyright Copyright (C) KANekT @ http://blog.kanekt.ru
 * @license http://www.gnu.org/licenses/gpl.html GPL version 2 or higher
 * Donate Web Money Z104136428007 R346491122688
 * @package First Post
*/
-->
<extension engine="1.0">
	<id>f_post</id>
	<title>First post</title>
	<version>0.2.6</version>
	<description>First post.</description>
	<author>KANekT</author>
	<minversion>1.3.4</minversion>
	<maxtestedon>1.3.4</maxtestedon>

	<install>
		<![CDATA[
		if (!$forum_db->field_exists('topics', 'post_show_first_post'))
			$forum_db->add_field('topics', 'post_show_first_post', 'INT(10)', false, 0);
		]]>
	</install>

	<uninstall>
		<![CDATA[
			$forum_db->drop_field('topics', 'post_show_first_post');
		]]>
	</uninstall>

	<hooks>
		<hook id="co_common"><![CDATA[
			$pun_extensions_used = array_merge(isset($pun_extensions_used) ? $pun_extensions_used : array(), array($ext_info['id']));
		]]></hook>
		<hook id="po_pre_optional_fieldset"><![CDATA[
				if (file_exists($ext_info['path'].'/lang/'.$forum_user['language'].'.php'))
					require $ext_info['path'].'/lang/'.$forum_user['language'].'.php';
				else
					require $ext_info['path'].'/lang/English.php';
					
	$forum_page['checkboxes']['first_post'] = '<div class="mf-item"><span class="fld-input"><input type="checkbox" id="fld'.(++$forum_page['fld_count']).'" name="first_post" value="1"'.(isset($_POST['first_post']) ? ' checked="checked"' : '').' /></span> <label for="fld'.$forum_page['fld_count'].'">'.$lang_f_post['First post'].'</label></div>';
		]]></hook>
		
		<hook id="po_end_validation, mr_confirm_split_posts_form_submitted"><![CDATA[
			if (!empty($_POST['first_post']))
				$first_post = utf8_trim($_POST['first_post']);
		]]></hook>
		<hook id="po_pre_add_topic"><![CDATA[
		if(isset($first_post)) $post_info['first_post'] = $first_post;
		]]></hook>		
		<hook id="fn_add_topic_qr_add_topic"><![CDATA[
			if (!empty($post_info['first_post']))
			{
				$query['INSERT'] .= ', post_show_first_post';
				$query['VALUES'] .= ', \''.$forum_db->escape($post_info['first_post']).'\'';
			}
		]]></hook>		
		<hook id="ed_pre_checkbox_display"><![CDATA[
				if (file_exists($ext_info['path'].'/lang/'.$forum_user['language'].'.php'))
					require $ext_info['path'].'/lang/'.$forum_user['language'].'.php';
				else
					require $ext_info['path'].'/lang/English.php';
					
			if ($can_edit_subject): 
	if (isset($_POST['first_post']) || $cur_post['post_show_first_post'] == '1')
	$forum_page['checkboxes']['first_post'] = '<div class="mf-item"><span class="fld-input"><input type="checkbox" id="fld'.(++$forum_page['fld_count']).'" name="first_post" value="1" checked="checked" /></span> <label for="fld'.$forum_page['fld_count'].'">'.$lang_f_post['First post'].'</label></div>';
	else
	$forum_page['checkboxes']['first_post'] = '<div class="mf-item"><span class="fld-input"><input type="checkbox" id="fld'.(++$forum_page['fld_count']).'" name="first_post" value="1" /></span> <label for="fld'.$forum_page['fld_count'].'">'.$lang_f_post['First post'].'</label></div>';
			endif; 
		]]></hook>
		<hook id="ed_qr_update_subject"><![CDATA[
			$first_post = isset($_POST['first_post']) ? forum_trim($_POST['first_post']) : '0' ;
			$query['SET'] .= ', post_show_first_post=\''.$forum_db->escape($first_post).'\'';
		]]></hook>
		<hook id="vf_qr_get_topics, ed_qr_get_post_info, vt_qr_get_topic_info"><![CDATA[
				$query['SELECT'] .= ', t.post_show_first_post';
		]]></hook>
		<hook id="vt_qr_get_posts"><![CDATA[
		if (isset($fancy_fast_punbb_post_ids) && count($fancy_fast_punbb_post_ids) > 0) {
			if($cur_topic['post_show_first_post'] != 0 and $forum_page['start_from'] != 0):
			$query_fp = array(
					'SELECT'	=> 't.first_post_id',
					'FROM'		=> 'topics AS t',
					'WHERE'		=> 't.id='.$id,
				);
			$result_fp = $forum_db->query_build($query_fp) or error(__FILE__, __LINE__);
			$forum_fp = $forum_db->fetch_assoc($result_fp);
			
			$query['WHERE'] .= ' or p.id='.$forum_fp['first_post_id'];
			endif;
		}
		else
		{
			if($cur_topic['post_show_first_post'] != 0 and $forum_page['start_from'] != 0):
			$query['JOINS'][] = array(
			'INNER JOIN'	=> 'topics AS t',
			'ON'			=> 't.id=p.topic_id'
			);
			
				$where1 = 'select id from '.$forum_db->prefix.'posts where topic_id='.$id.' order by id limit '.$forum_page['start_from'].', 1';
				$query['WHERE'] .= ' and (p.id=t.first_post_id or p.id>=('.$where1.'))';
				$query['LIMIT'] = $forum_user['disp_posts']+1;
			endif;
		}
		]]></hook>
		<hook id="vt_row_pre_post_ident_merge"><![CDATA[
			if($cur_topic['post_show_first_post'] != 0 and $forum_page['start_from'] != 0):
				if ($forum_page['item_count'] == 1 && !isset($post_cnt))
				{
					$forum_page['post_ident']['num'] = '<span class="post-num">1</span>';
					--$forum_page['item_count'];
					$post_cnt=0;
				}
			endif;
		]]></hook>
		
		</hooks>
</extension>
