<?xml version="1.0" encoding="utf-8"?>
<!--
/*
 * manifest file for markItUp
 *
 * @copyright Copyright (C) KANekT @ http://blog.kanekt.ru
 * @license http://www.gnu.org/licenses/gpl.html GPL version 2 or higher
 * Donate Web Money Z104136428007 R346491122688
 * @package markItUp
*/
-->
<extension engine="1.0">
	<id>markitup</id>
	<title>markItUp! BB code</title>
	<version>0.5.8</version>
	<description>jQuery BBcode editor (markItUp! 1.1.7) based code - Trustmaster  (c) Cotonti Team </description>
	<author>KANekT</author>
	<minversion>1.3.4</minversion>
	<maxtestedon>1.3.4</maxtestedon>

	<dependencies>
		<dependency>jquery</dependency>
	</dependencies>

	<hooks>
		<hook id="hd_head"><![CDATA[
if ((FORUM_PAGE == 'viewtopic' && $forum_config['o_quickpost']) || in_array(FORUM_PAGE, array('post', 'postedit','profile-signature')) || defined('FORUM_PAGE') && 'pun_pm' == substr(FORUM_PAGE, 0, 6))
{
	$forum_head['js_jq_bbcode1'] = '<script type="text/javascript" src="'.$ext_info['url'].'/js/jquery.markitup.js"></script>';
		if (file_exists($ext_info['path'].'/lang/'.$forum_user['language'].'.js'))
			$forum_head['js_jq_bbcode2'] = '<script type="text/javascript" src="'.$ext_info['url'].'/lang/'.$forum_user['language'].'.js"></script>';
				else
			$forum_head['js_jq_bbcode2'] = '<script type="text/javascript" src="'.$ext_info['url'].'/lang/English.js"></script>';
	$forum_head['js_jq_bbcode3'] = '<script type="text/javascript" src="'.$ext_info['url'].'/images/smilies/set.js"></script>';
	$forum_head['js_jq_bbcode4'] = '<script type="text/javascript" src="'.$ext_info['url'].'/js/jqModal.js"></script>';
	$forum_head['js_jq_bbcode5'] = '<script type="text/javascript" src="'.$ext_info['url'].'/js/set.js"></script>';

	$forum_head['style_jq_bbcode2'] = '<link rel="stylesheet" type="text/css" media="screen" href="'.$ext_info['url'].'/style.css" />';
}
		if ($forum_user['is_guest'])
		{
			$user_mar="mini";
		}
		else
		{
			$user_mar="full";
		}
		
if (FORUM_PAGE == 'post')
{
	$forum_head['js_jq_bbcode0'] = '<script language="javascript">
$(document).ready(function()	{
    $("textarea").markItUp('.$user_mar.');
});
</script>';
}

if (FORUM_PAGE == 'viewtopic' && $forum_config['o_quickpost'] || in_array(FORUM_PAGE, array('profile-signature', 'postedit')))
{
		if (file_exists($ext_info['path'].'/lang/'.$forum_user['language'].'.php'))
			require $ext_info['path'].'/lang/'.$forum_user['language'].'.php';
		else
			require $ext_info['path'].'/lang/English.php';
				


	$forum_head['js_jq_bbcode0'] = '<script language="javascript">
$(document).ready(function()	{
    $("div.spoiler_m").hide();
	$("<a class=\"hide_s\">'.$lang_jqbb['str_Show'].'</a> ").insertBefore(".spoiler_m");
	$("<a class=\"view_s\">'.$lang_jqbb['str_Hide'].'</a> ").insertBefore(".spoiler_m");
    $("a.view_s").hide();
	

    $("a.hide_s").click(function(){
        $(this).parents("div").children("div.spoiler_m").fadeIn(0);
        $(this).parents("div").children("a.hide_s").hide();
        $(this).parents("div").children("a.view_s").show();
    });
    $("a.view_s").click(function(){
        $(this).parents("div").children("div.spoiler_m").hide();
        $(this).parents("div").children("a.view_s").hide();
        $(this).parents("div").children("a.hide_s").show();
    });	
    $("textarea#fld1").markItUp('.$user_mar.');
});
</script>';
}
if (defined('FORUM_PAGE') && 'pun_pm' == substr(FORUM_PAGE, 0, 6))
{
	$forum_head['js_jq_bbcode0'] = '<script language="javascript">
$(document).ready(function()	{
    $("textarea#fld3").markItUp(mini);
});
</script>';
}
		]]></hook>
		<hook id="co_common"><![CDATA[
			$pun_extensions_used = array_merge(isset($pun_extensions_used) ? $pun_extensions_used : array(), array($ext_info['id']));
		]]></hook>
        <hook id="ps_preparse_tags_start"><![CDATA[
		
			// add our tag to the list
			$tags[] = 's';
			$tags_opened[] = 's';
			$tags_closed[] = 's';
			$tags_inline[] = 's';
			$tags_trim[] = 's';

			$tags[] = 'center';
			$tags_opened[] = 'center';
			$tags_closed[] = 'center';
			$tags_inline[] = 'center';
			$tags_trim[] = 'center';

			$tags[] = 'justify';
			$tags_opened[] = 'justify';
			$tags_closed[] = 'justify';
			$tags_inline[] = 'justify';
			$tags_trim[] = 'justify';

			$tags[] = 'left';
			$tags_opened[] = 'left';
			$tags_closed[] = 'left';
			$tags_inline[] = 'left';
			$tags_trim[] = 'left';

			$tags[] = 'right';
			$tags_opened[] = 'right';
			$tags_closed[] = 'right';
			$tags_inline[] = 'right';
			$tags_trim[] = 'right';
			
			// add our tag to the list
			$tags[] = 'hide';
			$tags_fix[] = 'hide';
			$tags_block[] = 'hide';

			$tags[] = 'search';
			$tags_fix[] = 'search';
			$tags_block[] = 'search';
			
			$tags_block[]='spoiler';
			
			// add our tag to the list
			$tags[] = 'video';
			$tags_opened[] = 'video';
			$tags_closed[] = 'video';
			$tags_inline[] = 'video';
			$tags_trim[] = 'video';
			// we must allow url due to do_clickable
			$tags_limit_bbcode['video'] = array('url');
		
			]]></hook>
		<hook id="ps_preparse_bbcode_start"><![CDATA[
			//SPOILER
			$tags[] = 'spoiler';
			$tags_opened[] = 'spoiler';
			$tags_closed[] = 'spoiler';
			
			$tags_fix[] = 'spoiler';
		]]></hook>
		<hook id="ps_do_bbcode_replace"><![CDATA[
		// Include language
			if (file_exists($ext_info['path'].'/lang/'.$forum_user['language'].'.php'))
				require $ext_info['path'].'/lang/'.$forum_user['language'].'.php';
			else
				require $ext_info['path'].'/lang/English.php';

		$pattern[] = '#\[s\](.*?)\[/s\]#ms';
		$replace[] = '<s>$1</s>';
		$pattern[] = '#\[center\](.*?)\[/center\]#ms';
		$replace[] = '<div style="text-align:center">$1</div>';
		$pattern[] = '#\[justify\](.*?)\[/justify\]#ms';
		$replace[] = '<div style="text-align:justify">$1</div>';
		$pattern[] = '#\[left\](.*?)\[/left\]#ms';
		$replace[] = '<div style="text-align:left">$1</div>';
		$pattern[] = '#\[right\](.*?)\[/right\]#ms';
		$replace[] = '<div style="text-align:right">$1</div>';

if (!function_exists('bbcode_size_pregcallback')) {
	function bbcode_size_pregcallback($matches) {
		$sizes = array('1'=>'xx-small', '2'=>'x-small', '3'=>'small', '4'=>'medium', '5'=>'large', '6'=>'x-large', '7'=>'xx-large', 
			'+1'=>'150%', '+2'=>'200%', '+3'=>'300%', '-1'=>'80%', '-2'=>'60%', '-3'=>'40%');
		if (isset($sizes[$matches[1]]))
			return '<span style="font-size: '.$sizes[$matches[1]].';">'.$matches[2].'</span>';
		else
			return $matches[0];
	}
}
$text = preg_replace_callback('~\\[size=([1-7]|[+-][1-3])\\]([^<>]*)\\[/size\\]~isU', 'bbcode_size_pregcallback', $text);

		$pattern[] = '#\[search=(.*?)\](.*?)\[/search\]#ms';
		$replace[] = '<a href="search.php?action=search&sort_dir=DESC&show_as=topics&keywords=$1">$2</a>';
		
		//spoiler
			$pattern[] = '#\[spoiler\](.*?)\[/spoiler\]#s';
			$replace[] = '<div class="spoiler_h">'. $lang_jqbb['str_Spoiler'].' <div class="spoiler_m">$1</div></div>';
			
			$pattern[] = '#\[spoiler=(.*?)\](.*?)\[/spoiler\]#s';
			$replace[] = '<div class="spoiler_h">$1 <div class="spoiler_m">$2</div></div>';
			
			// add pattern to catch [video]blahblah[/video]
			$pattern[] = '`\[video\]([^\[]+)\[/video\]`e';
			$replace[] = 'handle_video_tag(\'$1\')';
		
        ]]></hook>
	<hook id="ps_parse_message_pre_split"><![CDATA[
		global $forum_url;
		
		if (file_exists($ext_info['path'].'/lang/'.$forum_user['language'].'.php'))
						require $ext_info['path'].'/lang/'.$forum_user['language'].'.php';
				else
						require $ext_info['path'].'/lang/English.php';
		
			if (strpos($text, 'hide') !== false && strpos($text, '/hide') !== false)
			{
				if ($forum_user['is_guest'])
				{
					$text = preg_replace('#\[hide\](.*?)\[\/hide\]#si', '[code]'.sprintf($lang_jqbb['Hidden text guest'], '<a href="'.forum_link($forum_url['login']).'">'.$lang_jqbb['login'].'</a>').'[/code]', $text);
					$text = preg_replace('#\[hide=([0-9]*)](.*?)\[/hide\]#si', '[code]'.sprintf($lang_jqbb['Hidden text guest'], '<a href="'.forum_link($forum_url['login']).'">'.$lang_jqbb['login'].'</a>').'[/code]', $text);
				}
				else if ($forum_user['is_admmod'])
				{
					$text = preg_replace('#\[hide=([0-9]*)](.*?)\[/hide\]#s', '<div class="quotebox"><cite>'.$lang_jqbb['Hidden text'].'[$1]:</cite><blockquote><p><i>$2</i></p></blockquote></div>', $text);
					$text = preg_replace('#\[hide](.*?)\[/hide\]#s', '<div class="quotebox"><cite>'.$lang_jqbb['Hidden text'].':</cite><blockquote><p><i>$1</i></p></blockquote></div><blockquote>', $text);
				}
				else 
				{
					$text = preg_replace('#\[hide](.*?)\[/hide\]#s', '<div class="quotebox"><cite>'.$lang_jqbb['Hidden text'].':</cite><blockquote><p><i>$1</i></p></blockquote></div><blockquote>', $text);
					
					$occurances = preg_match_all("#\[hide\=.+?\](.+?)\[/hide\]#is", $text, $temp); 
					for($i=0;$i<$occurances;$i++) 
					{ 
						preg_match("#\[hide\=(.+?)\].+?\[/hide\]#s", $temp[0][$i],$hide_count);
						if($forum_user['num_posts'] >= $hide_count[1])
						{
							$text_hide = preg_replace('#\[hide=([0-9]*)](.*?)\[/hide\]#s', '<div class="quotebox"><cite>'.$lang_jqbb['Hidden text'].'[$1]:</cite><blockquote><p><i>$2</i></p></blockquote></div>', $temp[0][$i]);
						}
						else
						{
							$text_hide = preg_replace("#\[hide=([0-9]*)](.*?)\[/hide\]#s", '<b>['.$lang_jqbb['Hidden count begin'].' '.$hide_count[1].' '.$lang_jqbb['Hidden count end'].']</b>', $temp[0][$i]);
							
						}
						if (isset($text_hide))
						{
							$text = str_replace($temp[0][$i], $text_hide, $text);
						}
					}
				}
				
				preg_match("#\[hide=gr.+?\].+?\[/hide\]#i", $text, $hide_group);
				if (strpos($text, 'hide=gr') !== false && strpos($text, '/hide') !== false)
				{
					$occurances = preg_match_all("#\[hide=gr.+?\](.+?)\[/hide\]#is", $text, $temp); 
					for($i=0;$i<$occurances;$i++) 
					{ 
						preg_match("#\[hide=gr(.+?)\].+?\[/hide\]#i", $temp[0][$i],$hide_group);
						if($forum_user['g_id'] == $hide_group[1] || $forum_user['is_admmod'])
						{
							$text_hide = preg_replace('#\[hide=gr([0-9]*)](.*?)\[/hide\]#s', '<div class="quotebox"><cite>'.$lang_jqbb['Hidden text group'].'[$1]:</cite><blockquote><p><i>$2</i></p></blockquote></div>', $temp[0][$i]);
						}
						else
						{
							$text_hide = preg_replace("#\[hide=gr([0-9]*)](.*?)\[/hide\]#s", '<b>['.$lang_jqbb['Hidden text group'].' '.$hide_group[1].']</b>', $temp[0][$i]);
						}
						if (isset($text_hide))
						{
							$text = str_replace($temp[0][$i], $text_hide, $text);
						}
					}
				}
			}

	]]></hook>
	<hook id="po_modify_quote_info"><![CDATA[
		$text = $q_message;
		if (file_exists($ext_info['path'].'/lang/'.$forum_user['language'].'.php'))
						require $ext_info['path'].'/lang/'.$forum_user['language'].'.php';
				else
						require $ext_info['path'].'/lang/English.php';
						
			if (strpos($text, 'hide') !== false && strpos($text, '/hide') !== false)
			{
				if ($forum_user['is_guest'])
				{
					$text = preg_replace('#\[hide\](.*?)\[\/hide\]#si', $lang_jqbb['Hidden text'], $text);
					$text = preg_replace('#\[hide=([0-9]*)](.*?)\[/hide\]#si', $lang_jqbb['Hidden text'], $text);
				}
				else if ($forum_user['is_admmod'])
				{
				}
				else 
				{
					$occurances = preg_match_all("#\[hide\=.+?\](.+?)\[/hide\]#is", $text, $temp); 
					for($i=0;$i<$occurances;$i++) 
					{ 
						preg_match("#\[hide\=(.+?)\].+?\[/hide\]#s", $temp[0][$i],$hide_count);

						if($forum_user['num_posts'] >= $hide_count[1])
						{
						}
						else
						{
							$text_hide = preg_replace("#\[hide=([0-9]*)](.*?)\[/hide\]#s", $lang_jqbb['Hidden text'], $temp[0][$i]);
							$text = str_replace($temp[0][$i], $text_hide, $text);
						}
					}
				}
				
				preg_match("#\[hide\=gr(.+?)\].+?\[/hide\]#i", $text, $hide_group);
				if (isset($hide_group[1]))
				{
					$occurances = preg_match_all("#\[hide\=gr.+?\](.+?)\[/hide\]#is", $text, $temp); 
					for($i=0;$i<$occurances;$i++) 
					{ 
						preg_match("#\[hide\=gr(.+?)\].+?\[/hide\]#i", $temp[0][$i],$hide_group);
						if($forum_user['g_id'] == $hide_group[1] || $forum_user['is_admmod'])
						{
							$text_hide = preg_replace('#\[hide\=gr([0-9]*)](.*?)\[/hide\]#s', '<div class="quotebox"><cite>'.$lang_jqbb['Hidden text group'].'[$1]:</cite><blockquote><p><i>$2</i></p></blockquote></div>', $temp[0][$i]);
						}
						else
						{
							$text_hide = preg_replace("#\[hide\=gr([0-9]*)](.*?)\[/hide\]#s", '<b>['.$lang_jqbb['Hidden text group'].' '.$hide_group[1].']</b>', $temp[0][$i]);
						}
						if (isset($text_hide))
						{
							$text = str_replace($temp[0][$i], $text_hide, $text);
						}
					}
				}
			}
			$q_message = $text;	
		]]></hook>
	<hook id="ft_about_pre_copyright" priority="1"><![CDATA[
	if (FORUM_PAGE == 'viewtopic' && !empty($pun_quote_js_arrays))
	{
		$text = $pun_quote_js_arrays;
		if (file_exists($ext_info['path'].'/lang/'.$forum_user['language'].'.php'))
						require $ext_info['path'].'/lang/'.$forum_user['language'].'.php';
				else
						require $ext_info['path'].'/lang/English.php';
						
			if (strpos($text, 'hide') !== false && strpos($text, '/hide') !== false)
			{
				if (!$forum_user['is_admmod'])
				{
					$text = preg_replace('#\[hide\](.*?)\[\/hide\]#si', $lang_hide['Hidden text'], $text);
					$text = preg_replace('#\[hide=([0-9]*)](.*?)\[/hide\]#si', $lang_hide['Hidden text'], $text);
				}
				
				preg_match("#\[hide\=gr(.+?)\].+?\[/hide\]#i", $text, $hide_group);
				if (isset($hide_group[1]))
				{
					$occurances = preg_match_all("#\[hide\=gr.+?\](.+?)\[/hide\]#is", $text, $temp); 
					for($i=0;$i<$occurances;$i++) 
					{ 
						preg_match("#\[hide\=gr(.+?)\].+?\[/hide\]#i", $temp[0][$i],$hide_group);
						if($forum_user['g_id'] == $hide_group[1] || $forum_user['is_admmod'])
						{
							$text_hide = preg_replace('#\[hide\=gr([0-9]*)](.*?)\[/hide\]#s', '<div class="quotebox"><cite>'.$lang_hide['Hidden text group'].'[$1]:</cite><blockquote><p><i>$2</i></p></blockquote></div>', $temp[0][$i]);
						}
						else
						{
							$text_hide = preg_replace("#\[hide\=gr([0-9]*)](.*?)\[/hide\]#s", '<b>['.$lang_hide['Hidden text group'].' '.$hide_group[1].']</b>', $temp[0][$i]);
						}
						if (isset($text_hide))
						{
							$text = str_replace($temp[0][$i], $text_hide, $text);
						}
					}
				}
			}
			$pun_quote_js_arrays = $text;	
	}
		]]></hook>
		<hook id="ps_start"><![CDATA[
// tag handling function
function handle_video_tag($videoUri) {
	global $forum_config;
	$match = array();

	// dirty trick to play arround do_clickable
	preg_match('`href="([^"]+)"`', stripslashes($videoUri), $match);
	if(!empty($match[1])) {
		$videoUri = $match[1];
	}

	// the services list
	$service = array(
		'youtube' => array(
			'match'=>'`watch\?v=([-_a-z0-9]+)`i',
			'uri'=>'http://www.youtube.com/v/%s&amp;rel=0',
			'width'=>425,
			'height'=>344
		),
		'dailymotion' => array(
			'match'=>'`video/([a-z0-9]+)_`i',
			'uri'=>'http://www.dailymotion.com/swf/%s&amp;amp;related=0&amp;amp;canvas=medium',
			'width'=>480,
			'height'=>381
		),
		'vimeo' => array(
			'match'=>'`/([0-9]+)`',
			'uri'=>'http://www.vimeo.com/moogaloop.swf?clip_id=%s&amp;server=vimeo.com&amp;show_title=1&amp;show_byline=1&amp;show_portrait=0&amp;fullscreen=1',
			'width'=>400,
			'height'=>302
		),
		'google' => array(
			'match'=>'`\?docid=(-?[0-9]+)`',
			'uri'=>'http://video.google.com/googleplayer.swf?docId=%s',
			'width'=>425,
			'height'=>364
		),
		'rutube' => array(
			'match'=>'`html\?v=([a-z0-9]+)`',
			'uri'=>'http://video.rutube.ru/%s',
			'width'=>470,
			'height'=>353
		)
	);

	// extract service's name and check for support
	preg_match('`^http://(?:[^\.]*\.)?([^\.]*)\.[^/]*/`i', $videoUri, $match);
	if(empty($match[1]) || !array_key_exists($match[1], $service)) {
		return '<a href="'.$videoUri.'">[video (unkown provider)]</a>';
	}
	$s = $service[$match[1]];

	// extract videoId
	preg_match($s['match'], $videoUri, $match);
	if(empty($match[1])) {
		return '<a href="'.$videoUri.'">[video (cant extract ID)]</a>';
	}
	$playerUri = sprintf($s['uri'], $match[1]);

	// display flash player
	return
		'<object type="application/x-shockwave-flash" data="'.$playerUri.'" width="'.$s['width'].'" height="'.$s['height'].'">'.
			'<param name="movie" value="'.$playerUri.'" />'.
			'<param name="wmode" value="transparent" />'.
			'<param name="allowfullscreen" value="true" />'.
			'<p><a href="'.$videoUri.'">[video (flash player not installed)]</a></p>'.
		'</object>';
}
//Include our smiley combos
require $ext_info['path'].'/smile.php';

//Replace the $smilies array with our new one
$smilies = array();
foreach($combos as $k=>$v) $smilies[$k] = $v;

		]]></hook>
		<hook id="ps_do_smilies_end">
			<![CDATA[
$text = str_replace($base_url.'/img/smilies/', $ext_info['url'].'/images/smilies/', $text);
$text = str_replace('width="15" height="15"', '', $text);
			]]>
		</hook>			
		<hook id="he_new_bbcode_text_style"><![CDATA[
		if (file_exists($ext_info['path'].'/lang/'.$forum_user['language'].'.php'))
						require $ext_info['path'].'/lang/'.$forum_user['language'].'.php';
				else
						require $ext_info['path'].'/lang/English.php';
			?><div class="entry-content">
				<code>[hide]<?php echo $lang_jqbb['Hidden text'] ?>[/hide]</code> <span><?php echo $lang_help['produces'] ?></span>
				<div class="quotebox"><cite><?php echo $lang_jqbb['Hidden text'] ?></cite><blockquote><p><i><?php echo $lang_jqbb['Hidden text'] ?></i></blockquote></p></div>
				<code>[hide=1]<?php echo $lang_jqbb['Hidden text'] ?>[/hide]</code> <span><?php echo $lang_help['produces'] ?></span>
				<div class="quotebox"><cite><?php echo $lang_jqbb['Hidden text'] ?>[1]</cite><blockquote><p><i><?php echo $lang_jqbb['Hidden text'] ?></i></blockquote></p></div>
				<code>[hide=gr1]<?php echo $lang_jqbb['Hidden text'] ?>[/hide]</code> <span><?php echo $lang_help['produces'] ?></span>
				<div class="quotebox"><cite><?php echo $lang_jqbb['Hidden text group'] ?>[1]</cite><blockquote><p><i><?php echo $lang_jqbb['Hidden text group'] ?>1</i></blockquote></p></div>
			</div><?
			]]></hook>
		<hook id="he_new_bbcode_section"><![CDATA[
		// add lang file
			if (file_exists($ext_info['path'].'/lang/'.$forum_user['language'].'.php')) {
			require($ext_info['path'].'/lang/'.$forum_user['language'].'.php');
			} else {
				require($ext_info['path'].'/lang/English.php');
			}
			$lang_help = array_merge($lang_help, $lang_jqbb);
			?>
			<div class="ct-box help-box">
				<h3 class="hn"><span><?php echo $lang_help['List info'] ?></span></h3>
				<div class="entry-content">
					<code>[spoiler]<?php echo $lang_help['Spoiler'] ?>[/spoiler]</code> <span><?php echo $lang_help['produces'] ?></span>
					<samp><div style="border: 1px dotted gray; padding: 4px; color: #4a566e;"> <?php echo $lang_help['str_Spoiler'] ?> <span style="background-color: #4a566e; border-left: 1px solid #79859d; border-top: 1px solid #79859d; border-bottom: 1px solid black; border-right: 1px solid black; color: white; padding: 2px; font-size: 0.8em; cursor: pointer;" onClick="if(this.innerHTML=='<?php echo $lang_help['str_Show'] ?>'){this.parentNode.getElementsByTagName('div')[0].style.display = 'block';this.innerHTML='<?php echo $lang_help['str_Hide'] ?>';} else {this.parentNode.getElementsByTagName('div')[0].style.display = 'none';this.innerHTML='<?php echo $lang_help['str_Show'] ?>';}"><?php echo $lang_help['str_Show'] ?></span><div style="margin-top: 4px; border-top: 1px dotted gray; font: 90%; color: black; display: none;"><?php echo $lang_help['Spoiler'] ?></div></div></samp>
				</div>
			</div>
			<?php
$lang_help = array_merge($lang_help, $lang_jqbb);
?>
			<div class="ct-box help-box">
				<h3 class="hn"><span></span></h3>
<div class="entry-content">
	<code>[video]<?php echo $lang_help['video_uri'] ?>[/video]</code><span><?php echo $lang_help['produces'] ?></span>
	<?php echo $lang_help['video_display'] ?>
</div>
				</div>
			</div>
<?php
		]]></hook>
		
		</hooks>
</extension>