<?xml version="1.0" encoding="utf-8"?>
<!--
/*
 * manifest file for kanekt_fields
 *
 * @copyright Copyright (C) KANekT @ http://blog.kanekt.ru
 * @license http://www.gnu.org/licenses/gpl.html GPL version 2 or higher
 * Donate Web Money Z104136428007 R346491122688
 * @package kanekt_fields
*/
-->

<extension engine="1.0">
	<id>kanekt_fields</id>
	<title>Add Fields</title>
	<version>0.2.0</version>
	<description>Add fields in profile.</description>
	<author>KANekT</author>

	<minversion>1.3.4</minversion>
	<maxtestedon>1.3.4</maxtestedon>

	<install><![CDATA[
		$schema = array(
			'FIELDS'  => array(
				'id'  => array(
					'datatype'  => 'SERIAL',
					'allow_null'  => false
				),
				'fields_name'  => array(
					'datatype'  => 'VARCHAR(50)',
					'allow_null'  => false
				),
				'fields_desc'  => array(
					'datatype'  => 'VARCHAR(100)',
					'allow_null'  => false
				),
				'fields_url'  => array(
					'datatype'  => 'VARCHAR(100)',
					'allow_null'  => true
				),
				'fields_in_vt'  => array(
					'datatype'  => 'VARCHAR(1)',
					'allow_null'  => true
				)
			),
			'PRIMARY KEY'  	=> array('id'),
		);
		$forum_db->create_table('fields', $schema);

	]]></install>

	<uninstall><![CDATA[
	require FORUM_CACHE_DIR.'cache_fields.php';
	
if (!empty($forum_fields))
{
	foreach ($forum_fields as $fields_key => $cur_fields)
	{
		$forum_db->drop_field('users', 'f_'.$cur_fields['fields_name']);
	}
}
		$forum_db->drop_table('fields');
	]]></uninstall>


	<hooks>
		<hook id="co_modify_url_scheme"><![CDATA[
// Setup the URL rewriting scheme
if (file_exists($ext_info['path'].'/url/'.$forum_config['o_sef'].'.php'))
	require $ext_info['path'].'/url/'.$forum_config['o_sef'].'.php';
else
	require $ext_info['path'].'/url/Default.php';
]]></hook>
		<hook id="ca_fn_generate_admin_menu_new_sublink"><![CDATA[
if (FORUM_PAGE_SECTION == 'settings')
{
	if (file_exists($ext_info['path'].'/lang/'.$forum_user['language'].'.php'))
		require $ext_info['path'].'/lang/'.$forum_user['language'].'.php';
	else
		require $ext_info['path'].'/lang/English.php';

	$forum_page['admin_submenu']['settings-fields'] = '<li'.((FORUM_PAGE == 'admin-settings-fields') ? ' class="active"' : '').'><a href="'.forum_link($forum_url['admin_settings_fields']).'">'.$lang_fields['Fields'].'</a></li>';
}
]]></hook>
		<hook id="pf_start"><![CDATA[
	if (file_exists($ext_info['path'].'/lang/'.$forum_user['language'].'.php'))
		require $ext_info['path'].'/lang/'.$forum_user['language'].'.php';
	else
		require $ext_info['path'].'/lang/English.php';
		]]></hook>
		<hook id="aop_new_section"><![CDATA[
if ($section == 'fields')
	require $ext_info['path'].'/fields.php';
]]></hook>

		<hook id="pf_change_details_identity_personal_fieldset_end"><![CDATA[
if (file_exists(FORUM_CACHE_DIR.'cache_fields.php')) require FORUM_CACHE_DIR.'cache_fields.php';
	
if (!empty($forum_fields))
{
		?>
		<fieldset class="frm-group group<?php echo ++$forum_page['group_count'] ?>">
			<legend class="group-legend"><strong><?php echo $lang_fields['Fields legend'] ?></strong></legend>
		<?php
		$forum_page['item_count'] = 0;
	foreach ($forum_fields as $fields_key => $cur_fields)
	{
		$key = forum_htmlencode($cur_fields['fields_name']);
		?>
			<div class="sf-set set<?php echo ++$forum_page['item_count'] ?>">
				<div class="sf-box text">
					<label for="fld<?php echo ++$forum_page['fld_count'] ?>"><span><?php echo $cur_fields['fields_desc'] ?></span></label><br />
					<span class="fld-input"><input id="fld<?php echo $forum_page['fld_count'] ?>" type="text" name="form[f_<?php echo $key ?>]" value="<?php echo(isset($form['f_'.$key]) ? forum_htmlencode($form['f_'.$key]) : $user['f_'.$key]) ?>" size="40" maxlength="100" /></span>
				</div>
			</div>
		<?
	}
		?>
		</fieldset>
		<?php
	
}		]]></hook>
		<hook id="vt_qr_get_posts"><![CDATA[
if (file_exists(FORUM_CACHE_DIR.'cache_fields.php')) require FORUM_CACHE_DIR.'cache_fields.php';

if (!empty($forum_fields))
{
	foreach ($forum_fields as $fields_key => $cur_fields)
	{
		$key = forum_htmlencode($cur_fields['fields_in_vt']);
		if ($key != '0') {
			$query['SELECT'] .= ', u.f_'.$cur_fields['fields_name'];
		}
	}
}		]]></hook>
		<hook id="vt_row_pre_display">
			<![CDATA[
if (file_exists(FORUM_CACHE_DIR.'cache_fields.php')) require FORUM_CACHE_DIR.'cache_fields.php';

if (!empty($forum_fields))
{
	foreach ($forum_fields as $fields_key => $cur_fields)
	{
		$key = forum_htmlencode($cur_fields['fields_name']);
		if ($cur_fields['fields_in_vt'] != '0') {
			if ($cur_post['f_'.$key] != "")
			{
				if($cur_fields['fields_url'] != '')
				{
					$user = '<a href="'.$cur_fields['fields_url'].$cur_post['f_'.$key].'" class="external url">'.$cur_post['f_'.$key].'</a>';
					$forum_page['author_info']['f_'.$key] = '<li><span>'.$cur_fields['fields_desc'].': '.$user.'</span></li>';
				}
				else
				{
					$forum_page['author_info']['f_'.$key] = '<li><span>'.$cur_fields['fields_desc'].': <strong>'.$cur_post['f_'.$key].'</strong></span></li>';
				}
			}
		}
	}
}			]]></hook>

		<hook id="pf_change_details_identity_validation"><![CDATA[
if (file_exists(FORUM_CACHE_DIR.'cache_fields.php')) require FORUM_CACHE_DIR.'cache_fields.php';
	
if (!empty($forum_fields))
{
	foreach ($forum_fields as $fields_key => $cur_fields)
	{
		$key = forum_htmlencode($cur_fields['fields_name']);
			if (isset($_POST['form']['f_'.$key])) {
				$form['f_'.$key] = $_POST['form']['f_'.$key];
			}
	}
}
		]]></hook>


		<hook id="pf_change_details_about_pre_header_load"><![CDATA[
if (file_exists(FORUM_CACHE_DIR.'cache_fields.php')) require FORUM_CACHE_DIR.'cache_fields.php';

if (!empty($forum_fields))
{
	foreach ($forum_fields as $fields_key => $cur_fields)
	{
		$key = forum_htmlencode($cur_fields['fields_name']);
		if ($user['f_'.$key] != '') {
				$user['f_'.$key] = forum_htmlencode($user['f_'.$key]);

				if ($forum_config['o_censoring'] == '1') {
					$user['f_'.$key] = censor_words($user['f_'.$key]);
				}
		
			if($cur_fields['fields_url'] != '')
			{
				$user = '<a href="'.$cur_fields['fields_url'].$user['f_'.$key].'" class="external url">'.$user['f_'.$key].'</a>';
				$forum_page['user_fields']['f_'.$key] = '<li><span>'.$cur_fields['fields_desc'].': '.$user.'</span></li>';
			}
			else
			{
				$forum_page['user_fields']['f_'.$key] = '<li><span>'.$cur_fields['fields_desc'].': <strong>'.$user['f_'.$key].'</strong></span></li>';
			}
		}
	}
}		]]></hook>

		<hook id="pf_change_details_about_pre_user_private_info"><![CDATA[
	if (!empty($forum_page['user_fields'])): ?>
			<div class="ct-set data-set set<?php echo ++$forum_page['item_count'] ?>">
				<div class="ct-box data-box">
					<h4 class="ct-legend hn"><span><?php echo $lang_fields['Fields info'] ?></span></h4>
					<ul class="data-box">
						<?php echo implode("\n\t\t\t\t\t\t", $forum_page['user_fields'])."\n" ?>
					</ul>
				</div>
			</div>
	<?php endif;
		]]></hook>
	</hooks>
</extension>
