<?xml version="1.0" encoding="utf-8"?>
<!--
/*
 * manifest file for hide
 *
 * @copyright Copyright (C) KANekT @ http://blog.kanekt.ru
 * @license http://www.gnu.org/licenses/gpl.html GPL version 2 or higher
 * Donate Web Money Z104136428007 R346491122688
 * @package hide
*/
-->
<extension engine="1.0">
	<id>nya_hide</id>
	<title>hide</title>
	<version>0.3.7</version>
	<description>Hide text</description>
	<author>KANekT</author>
	<minversion>1.3</minversion>
	<maxtestedon>1.3.4</maxtestedon>

	<hooks>
        <hook id="ps_preparse_tags_start"><![CDATA[

// add our tag to the list
$tags[] = 'hide';
$tags_fix[] = 'hide';
$tags_block[] = 'hide';

        ]]></hook>
	<hook id="ps_parse_message_pre_split"><![CDATA[
		global $forum_url;
		
		if (file_exists($ext_info['path'].'/lang/'.$forum_user['language'].'.php'))
						require $ext_info['path'].'/lang/'.$forum_user['language'].'.php';
				else
						require $ext_info['path'].'/lang/English.php';
		
			if (strpos($text, 'hide') !== false && strpos($text, '/hide') !== false)
			{
				if ($forum_user['is_guest'])
				{
					$text = preg_replace('#\[hide\](.*?)\[\/hide\]#si', '[code]'.sprintf($lang_hide['Hidden text guest'], '<a href="'.forum_link($forum_url['login']).'">'.$lang_hide['login'].'</a>').'[/code]', $text);
					$text = preg_replace('#\[hide=([0-9]*)](.*?)\[/hide\]#si', '[code]'.sprintf($lang_hide['Hidden text guest'], '<a href="'.forum_link($forum_url['login']).'">'.$lang_hide['login'].'</a>').'[/code]', $text);
				}
				else if ($forum_user['is_admmod'])
				{
					$text = preg_replace('#\[hide=([0-9]*)](.*?)\[/hide\]#s', '</p><div class="quotebox"><cite>'.$lang_hide['Hidden text'].'[$1]:</cite><blockquote><p><i>$2</i></p></blockquote></div><p>', $text);
					$text = preg_replace('#\[hide](.*?)\[/hide\]#s', '</p><div class="quotebox"><cite>'.$lang_hide['Hidden text'].':</cite><blockquote><p><i>$1</i></p></blockquote></div><p>', $text);
				}
				else 
				{
					$text = preg_replace('#\[hide](.*?)\[/hide\]#s', '</p><div class="quotebox"><cite>'.$lang_hide['Hidden text'].':</cite><blockquote><p><i>$1</i></p></blockquote></div><p>', $text);
					
					$occurances = preg_match_all("#\[hide\=.+?\](.+?)\[/hide\]#is", $text, $temp); 
					for($i=0;$i<$occurances;$i++) 
					{ 
						preg_match("#\[hide\=(.+?)\].+?\[/hide\]#s", $temp[0][$i],$hide_count);
						if($forum_user['num_posts'] >= $hide_count[1])
						{
							$text_hide = preg_replace('#\[hide=([0-9]*)](.*?)\[/hide\]#s', '</p><div class="quotebox"><cite>'.$lang_hide['Hidden text'].'[$1]:</cite><blockquote><p><i>$2</i></p></blockquote></div><p>', $temp[0][$i]);
						}
						else
						{
							$text_hide = preg_replace("#\[hide=([0-9]*)](.*?)\[/hide\]#s", '<b>['.$lang_hide['Hidden count begin'].' '.$hide_count[1].' '.$lang_hide['Hidden count end'].']</b>', $temp[0][$i]);
							
						}
						if (isset($text_hide))
						{
							$text = str_replace($temp[0][$i], $text_hide, $text);
						}
					}
				}
				
				preg_match("#\[hide=gr.+?\].+?\[/hide\]#i", $text, $hide_group);
				if (strpos($text, 'hide=gr') !== false && strpos($text, '/hide') !== false)
				{
					$occurances = preg_match_all("#\[hide=gr.+?\](.+?)\[/hide\]#is", $text, $temp); 
					for($i=0;$i<$occurances;$i++) 
					{ 
						preg_match("#\[hide=gr(.+?)\].+?\[/hide\]#i", $temp[0][$i],$hide_group);
						if($forum_user['g_id'] == $hide_group[1] || $forum_user['is_admmod'])
						{
							$text_hide = preg_replace('#\[hide=gr([0-9]*)](.*?)\[/hide\]#s', '</p><div class="quotebox"><cite>'.$lang_hide['Hidden text group'].'[$1]:</cite><blockquote><p><i>$2</i></p></blockquote></div><p>', $temp[0][$i]);
						}
						else
						{
							$text_hide = preg_replace("#\[hide=gr([0-9]*)](.*?)\[/hide\]#s", '<b>['.$lang_hide['Hidden text group'].' '.$hide_group[1].']</b>', $temp[0][$i]);
						}
						if (isset($text_hide))
						{
							$text = str_replace($temp[0][$i], $text_hide, $text);
						}
					}
				}
			}

	]]></hook>
	<hook id="po_modify_quote_info"><![CDATA[
		$text = $q_message;
		if (file_exists($ext_info['path'].'/lang/'.$forum_user['language'].'.php'))
						require $ext_info['path'].'/lang/'.$forum_user['language'].'.php';
				else
						require $ext_info['path'].'/lang/English.php';
						
			if (strpos($text, 'hide') !== false && strpos($text, '/hide') !== false)
			{
				if ($forum_user['is_guest'])
				{
					$text = preg_replace('#\[hide\](.*?)\[\/hide\]#si', $lang_hide['Hidden text'], $text);
					$text = preg_replace('#\[hide=([0-9]*)](.*?)\[/hide\]#si', $lang_hide['Hidden text'], $text);
				}
				else if ($forum_user['is_admmod'])
				{
				}
				else 
				{
					$occurances = preg_match_all("#\[hide\=.+?\](.+?)\[/hide\]#is", $text, $temp); 
					for($i=0;$i<$occurances;$i++) 
					{ 
						preg_match("#\[hide\=(.+?)\].+?\[/hide\]#s", $temp[0][$i],$hide_count);

						if($forum_user['num_posts'] >= $hide_count[1])
						{
						}
						else
						{
							$text_hide = preg_replace("#\[hide=([0-9]*)](.*?)\[/hide\]#s", $lang_hide['Hidden text'], $temp[0][$i]);
							$text = str_replace($temp[0][$i], $text_hide, $text);
						}
					}
				}
				
				preg_match("#\[hide\=gr(.+?)\].+?\[/hide\]#i", $text, $hide_group);
				if (isset($hide_group[1]))
				{
					$occurances = preg_match_all("#\[hide\=gr.+?\](.+?)\[/hide\]#is", $text, $temp); 
					for($i=0;$i<$occurances;$i++) 
					{ 
						preg_match("#\[hide\=gr(.+?)\].+?\[/hide\]#i", $temp[0][$i],$hide_group);
						if($forum_user['g_id'] == $hide_group[1] || $forum_user['is_admmod'])
						{
							$text_hide = preg_replace('#\[hide\=gr([0-9]*)](.*?)\[/hide\]#s', '</p><div class="quotebox"><cite>'.$lang_hide['Hidden text group'].'[$1]:</cite><blockquote><p><i>$2</i></p></blockquote></div><p>', $temp[0][$i]);
						}
						else
						{
							$text_hide = preg_replace("#\[hide\=gr([0-9]*)](.*?)\[/hide\]#s", '<b>['.$lang_hide['Hidden text group'].' '.$hide_group[1].']</b>', $temp[0][$i]);
						}
						if (isset($text_hide))
						{
							$text = str_replace($temp[0][$i], $text_hide, $text);
						}
					}
				}
			}
			$q_message = $text;	
		]]></hook>
	<hook id="ft_about_pre_copyright" priority="1"><![CDATA[
	if (FORUM_PAGE == 'viewtopic' && !empty($pun_quote_js_arrays))
	{
		$text = $pun_quote_js_arrays;
		if (file_exists($ext_info['path'].'/lang/'.$forum_user['language'].'.php'))
						require $ext_info['path'].'/lang/'.$forum_user['language'].'.php';
				else
						require $ext_info['path'].'/lang/English.php';
						
			if (strpos($text, 'hide') !== false && strpos($text, '/hide') !== false)
			{
				if (!$forum_user['is_admmod'])
				{
					$text = preg_replace('#\[hide\](.*?)\[\/hide\]#si', $lang_hide['Hidden text'], $text);
					$text = preg_replace('#\[hide=([0-9]*)](.*?)\[/hide\]#si', $lang_hide['Hidden text'], $text);
				}
				
				preg_match("#\[hide\=gr(.+?)\].+?\[/hide\]#i", $text, $hide_group);
				if (isset($hide_group[1]))
				{
					$occurances = preg_match_all("#\[hide\=gr.+?\](.+?)\[/hide\]#is", $text, $temp); 
					for($i=0;$i<$occurances;$i++) 
					{ 
						preg_match("#\[hide\=gr(.+?)\].+?\[/hide\]#i", $temp[0][$i],$hide_group);
						if($forum_user['g_id'] == $hide_group[1] || $forum_user['is_admmod'])
						{
							$text_hide = preg_replace('#\[hide\=gr([0-9]*)](.*?)\[/hide\]#s', '</p><div class="quotebox"><cite>'.$lang_hide['Hidden text group'].'[$1]:</cite><blockquote><p><i>$2</i></p></blockquote></div><p>', $temp[0][$i]);
						}
						else
						{
							$text_hide = preg_replace("#\[hide\=gr([0-9]*)](.*?)\[/hide\]#s", '<b>['.$lang_hide['Hidden text group'].' '.$hide_group[1].']</b>', $temp[0][$i]);
						}
						if (isset($text_hide))
						{
							$text = str_replace($temp[0][$i], $text_hide, $text);
						}
					}
				}
			}
			$pun_quote_js_arrays = $text;	
	}
		]]></hook>
		<hook id="pun_bbcode_pre_buttons_output"><![CDATA[
	if ($forum_user['pun_bbcode_use_buttons'])
		$tags_with_attr[] = 'hide';
	else
		$tags_with_attr[] = 'hide';
		
	$tags = array_unique(array_merge($tags_without_attr, $tags_with_attr));
	]]></hook>
	<hook id="he_new_bbcode_text_style"><![CDATA[
		if (file_exists($ext_info['path'].'/lang/'.$forum_user['language'].'.php'))
						require $ext_info['path'].'/lang/'.$forum_user['language'].'.php';
				else
						require $ext_info['path'].'/lang/English.php';
			?><div class="entry-content">
				<code>[hide]<?php echo $lang_hide['Hidden text'] ?>[/hide]</code> <span><?php echo $lang_help['produces'] ?></span>
				<div class="quotebox"><cite><?php echo $lang_hide['Hidden text'] ?></cite><blockquote><p><i><?php echo $lang_hide['Hidden text'] ?></i></blockquote></p></div>
				<code>[hide=1]<?php echo $lang_hide['Hidden text'] ?>[/hide]</code> <span><?php echo $lang_help['produces'] ?></span>
				<div class="quotebox"><cite><?php echo $lang_hide['Hidden text'] ?>[1]</cite><blockquote><p><i><?php echo $lang_hide['Hidden text'] ?></i></blockquote></p></div>
				<code>[hide=gr1]<?php echo $lang_hide['Hidden text'] ?>[/hide]</code> <span><?php echo $lang_help['produces'] ?></span>
				<div class="quotebox"><cite><?php echo $lang_hide['Hidden text group'] ?>[1]</cite><blockquote><p><i><?php echo $lang_hide['Hidden text group'] ?>1</i></p></blockquote></div>
			</div><?
			]]></hook>
			
		<hook id="co_common"><![CDATA[
			$pun_extensions_used = array_merge(isset($pun_extensions_used) ? $pun_extensions_used : array(), array($ext_info['id']));
		]]></hook>
	</hooks>
</extension>