<?xml version="1.0" encoding="utf-8"?>
<!--
/**
 * Provide jQuery library
 *
 * @copyright Copyright (C) 2009-2010 KANekT @ http://blog.kanekt.ru
 * @license http://www.gnu.org/licenses/gpl.html GPL version 2 or higher
 * Donate Web Money Z104136428007 R346491122688
 */
-->


<extension engine="1.0">
	<id>jquery</id>
	<title>jQuery</title>
	<version>0.1.0</version>
	<description>Provide jQuery library 1.3.2</description>
	<author>KANekT</author>
	<minversion>1.3</minversion>
	<maxtestedon>1.3.4</maxtestedon>
	<install>
		<![CDATA[
				$query = array(
				   'INSERT'  => 'conf_name, conf_value',
				   'INTO'    => 'config',
				   'VALUES'  => '\'o_jquery_text\', \'\'' 
				);
				$forum_db->query_build($query);
		]]>
	</install>
	<uninstall>
		<![CDATA[
			$query = array(
				'DELETE' 	=> 'config',
				'WHERE'		=> 'conf_name in (\'o_jquery_text\')',
			);
			$forum_db->query_build($query);
		]]>
	</uninstall>
	<hooks>
		<hook id="hd_head" priority="5"><![CDATA[
		$arr_jq = explode(" ", $forum_config['o_jquery_text']);
		if(in_array(FORUM_PAGE, $arr_jq)) {
			$forum_head['js_jquery'] = '<script type="text/javascript" src="'.$ext_info['url'].'/jquery.js"></script>';
			}
		]]></hook>
		<hook id="co_common"><![CDATA[
			$pun_extensions_used = array_merge(isset($pun_extensions_used) ? $pun_extensions_used : array(), array($ext_info['id']));
		]]></hook>
		<hook id="aop_features_validation"><![CDATA[
		]]></hook>
		
		<hook id="aop_features_message_fieldset_end"><![CDATA[
	if (file_exists($ext_info['path'].'/lang/'.$forum_user['language'].'.php'))
		require $ext_info['path'].'/lang/'.$forum_user['language'].'.php';
	else
		require $ext_info['path'].'/lang/English.php';

		// Reset counter
	$forum_page['group_count'] = $forum_page['item_count'] = 0;
?>
			<div class="content-head">
				<h2 class="hn"><span><?php echo $lang_jQuery['Topic features head'] ?></span></h2>
			</div>
			<fieldset class="frm-group group<?php echo ++$forum_page['group_count'] ?>">
				<legend class="group-legend"><span><?php echo $lang_jQuery['Topic legend'] ?></span></legend>
				<div class="txt-set set<?php echo ++$forum_page['item_count'] ?>">
						<div class="txt-box textarea"> 
							<label for="fld<?php echo ++$forum_page['fld_count'] ?>"><span><?php echo $lang_jQuery['Topic legend'] ?></span></label> 
							<div class="txt-input"><span class="fld-input"><textarea id="fld<?php echo $forum_page['fld_count'] ?>" name="form[jquery_text]" rows="3" cols="55" /><?php echo $forum_config['o_jquery_text'];?></textarea></span></div> 
						</div>
				</div>
			</fieldset>
<?php		
		]]></hook>	
	</hooks>
</extension>
