<?xml version="1.0" encoding="utf-8"?>
<!--
/*
 * manifest file for nya_user_activity
 *
 * @copyright Copyright (C) KANekT @ http://blog.kanekt.ru
 * @license http://www.gnu.org/licenses/gpl.html GPL version 2 or higher
 * Donate Web Money Z104136428007 R346491122688
 * @package nya_user_activity
*/
-->
<extension engine="1.0">
	<id>nya_user_activity</id>
	<title>User Activity Monitoring</title>
	<version>0.2.1</version>
	<description>User Activity Monitoring on the forum.</description>
	<author>KANekT</author>
	<minversion>1.3</minversion>
	<maxtestedon>1.3.4</maxtestedon>

	<install>
		<![CDATA[
				$query = array(
				   'INSERT'  => 'conf_name, conf_value',
				   'INTO'    => 'config',
				   'VALUES'  => '\'o_who_does_enabled\', \'1\'' 
				);
				$forum_db->query_build($query);
		]]>
	</install>

	<uninstall>
		<![CDATA[
			$query = array(
				'DELETE' => 'config',
				'WHERE'		=> 'conf_name in (\'o_who_does_enabled\')',
			);
			$forum_db->query_build($query);
		]]>
	</uninstall>

	<hooks>
		<hook id="mi_new_action"><![CDATA[
$section = isset($_GET['section']) ? $_GET['section'] : null;
		if (($forum_config['o_who_does_enabled'] == '1' && $forum_user['is_admmod']) || $forum_config['o_who_does_enabled'] == '0' )
		{

if ($section == 'who_does') {
	
	require_once FORUM_ROOT.'include/parser.php';
	
	if (file_exists($ext_info['path'].'/lang/'.$forum_user['language'].'.php'))
		require $ext_info['path'].'/lang/'.$forum_user['language'].'.php';
	else
		require $ext_info['path'].'/lang/English.php';
		
	require $ext_info['path'].'/functions.php';
	
	$forum_page = array();

	$who_does_text = who_does_view($forum_page);
		
	define('FORUM_PAGE', 'who_does');
	require FORUM_ROOT.'header.php';

	ob_start();	
		
	echo $who_does_text;
	
	$tpl_temp = trim(ob_get_contents());
	$tpl_main = str_replace('<!-- forum_main -->', $tpl_temp, $tpl_main);
	ob_end_clean();
	
	require FORUM_ROOT.'footer.php';
}
		}
		]]></hook>
		<hook id="aop_features_validation"><![CDATA[
if (!isset($form['who_does_enabled']) || $form['who_does_enabled'] != '1') $form['who_does_enabled'] = '0';
		]]></hook>
		
		<hook id="aop_features_pre_general_fieldset_end"><![CDATA[
	if (file_exists($ext_info['path'].'/lang/'.$forum_user['language'].'.php'))
		require $ext_info['path'].'/lang/'.$forum_user['language'].'.php';
	else
		require $ext_info['path'].'/lang/English.php';
?>
			<div class="sf-set set<?php echo ++$forum_page['item_count'] ?>">
					<div class="sf-box checkbox">
						<span class="fld-input"><input type="checkbox" id="fld<?php echo ++$forum_page['fld_count'] ?>" name="form[who_does_enabled]" value="1"<?php if ($forum_config['o_who_does_enabled'] == '1') echo ' checked="checked"' ?> /></span>
						<label for="fld<?php echo $forum_page['fld_count'] ?>"><span><?php echo $lang_who_does['Who_Does enable legend'] ?></span> <?php echo $lang_who_does['Who_Does enable'] ?></label>
					</div>
				</div>
			</fieldset>
<?php		
				
		]]></hook>
		<hook id="in_new_online_data" priority="10"><![CDATA[
		
		if (($forum_config['o_who_does_enabled'] == '1' && $forum_user['is_admmod']) || $forum_config['o_who_does_enabled'] == '0' )
		{
		?>
<div style="border-top: 1px dashed #DFE6ED;margin: 2px 0 0 0;"></div>
<div><h3 class="hn"><span><a href=" <?php echo forum_link($forum_url['who_does_view']); ?> "> <?php echo $lang_who_does['Who_Does'];?></a></span></h3></div>
<?php
		}
	    ]]></hook>
		<hook id="co_modify_url_scheme"><![CDATA[
if (file_exists($ext_info['path'].'/url/'.$forum_config['o_sef'].'.php'))
	require $ext_info['path'].'/url/'.$forum_config['o_sef'].'.php';
else
	require $ext_info['path'].'/url/Default.php';
		]]></hook>

		<hook id="in_start"><![CDATA[
	if (file_exists($ext_info['path'].'/lang/'.$forum_user['language'].'.php'))
		require $ext_info['path'].'/lang/'.$forum_user['language'].'.php';
	else
		require $ext_info['path'].'/lang/English.php';
		]]></hook>
		
		<hook id="re_rewrite_rules"><![CDATA[
$forum_rewrite_rules['/^who_does[\/_-]?(\.html?|\/)?$/i'] = 'misc.php?section=who_does';
$forum_rewrite_rules['/^who_does[\/_-]?(p|page\/)([0-9]+)(\.html?|\/)?$/i'] = 'misc.php?section=who_does&p=$1';
		]]></hook>	
		</hooks>

</extension>
