<?xml version="1.0" encoding="utf-8"?>
<!--
/*
 * manifest file for Warnings
 *
 * @copyright Copyright (C) KANekT @ http://blog.kanekt.ru
 * @license http://www.gnu.org/licenses/gpl.html GPL version 2 or higher
 * Donate Web Money Z104136428007 R346491122688
 * @package Warnings
*/
-->

<extension engine="1.0">
	<id>nya_warnings</id>
	<title>.Warnings</title>
	<version>0.1.0</version>
	<description>Warnings</description>
	<author>KANekT</author>

	<minversion>1.3.4</minversion>
	<maxtestedon>1.3.4</maxtestedon>

	<install><![CDATA[
		$schema = array(
			'FIELDS'  => array(
				'id'  => array(
					'datatype'  => 'SERIAL',
					'allow_null'  => false
				),
				'uid'  => array(
					'datatype'  => 'INT(10)',
					'allow_null'  => false
				),
				'from_uid'  => array(
					'datatype'  => 'INT(10)',
					'allow_null'  => false
				),
				'reason'  => array(
					'datatype'  => 'VARCHAR(300)',
					'allow_null'  => true
				),
				'method'  => array(
					'datatype'  => 'TINYINT(1)',
					'allow_null'  => false
				),
				'expire'  => array(
					'datatype'  => 'INT(10)',
					'allow_null'  => false
				),
				'pid'  => array(
					'datatype'  => 'INT(10)',
					'allow_null'  => false
				),
				'tid'  => array(
					'datatype'  => 'INT(10)',
					'allow_null'  => false
				),
				'warn_popup_show'  => array(
					'datatype'  => 'TINYINT(1)',
					'allow_null'  => false
				),
				'time'  => array(
					'datatype'  => 'INT(10)',
					'allow_null'  => false
				)
			),
			'PRIMARY KEY'  	=> array('id'),
			'INDEXES'		=> array(
				'warn_post_id_idx'	=> array('pid')
			)
		);
		$forum_db->create_table('warnings', $schema);
		if (!$forum_db->field_exists('users', 'warn_expiries'))
			$forum_db->add_field('users', 'warn_expiries', 'INT(10)', false, 0);
		if (!$forum_db->field_exists('users', 'warn_count'))
			$forum_db->add_field('users', 'warn_count', 'INT(10)', false, 0);
		if (!$forum_db->field_exists('users', 'warn_group_id'))
			$forum_db->add_field('users', 'warn_group_id', 'INT(10)', false, 0);
		$query = array(
		   'INSERT'  => 'conf_name, conf_value',
		   'INTO'    => 'config',
		   'VALUES'  => '\'o_warn_enabled\', \'1\'' 
		);
		$forum_db->query_build($query);
		$query = array(
		   'INSERT'  => 'conf_name, conf_value',
		   'INTO'    => 'config',
		   'VALUES'  => '\'o_warn_group\', \'3\'' 
		);
		$forum_db->query_build($query);
		$query = array(
		   'INSERT'  => 'conf_name, conf_value',
		   'INTO'    => 'config',
		   'VALUES'  => '\'o_warn_maxmessage\', \'100\'' 
		);
		$forum_db->query_build($query);

	]]></install>

	<uninstall><![CDATA[
	$forum_db->drop_table('warnings');
	$forum_db->drop_field('users', 'warn_expiries');
	$forum_db->drop_field('users', 'warn_count');
	$forum_db->drop_field('users', 'warn_group_id');
	$query = array(
		'DELETE' => 'config',
		'WHERE'		=> 'conf_name in (\'o_warn_enabled\', \'o_warn_group\', \'o_warn_maxmessage\')',
	);
	$forum_db->query_build($query);
	]]></uninstall>
	<hooks>
		<hook id="vt_start">
			<![CDATA[
				if (file_exists($ext_info['path'].'/lang/'.$forum_user['language'].'.php'))
					require $ext_info['path'].'/lang/'.$forum_user['language'].'.php';
				else
					require $ext_info['path'].'/lang/English.php';
				$query = array(
					'UPDATE'	=> 'users',
					'SET'		=> 'group_id=warn_group_id',
					'WHERE'		=> 'warn_expiries<='.time().' AND warn_group_id>0 AND warn_group_id<>'.$forum_config['o_warn_group']
				);	
				$forum_db->query_build($query) or error(__FILE__, __LINE__);
			]]>
		</hook>
		<hook id="in_start, vf_start"><![CDATA[
			$query = array(
				'UPDATE'	=> 'users',
				'SET'		=> 'group_id=warn_group_id',
				'WHERE'		=> 'warn_expiries <> 0 AND warn_expiries<='.time()
			);	
			$forum_db->query_build($query) or error(__FILE__, __LINE__);
		]]></hook>
		<hook id="vt_qr_get_posts">
		<![CDATA[
				$query['SELECT'] .= ', u.warn_count as uWarn';
		]]>
		</hook>
		<hook id="vt_main_output_start">
		<![CDATA[
			echo '<style>.warn{text-decoration: none;}</style>';
		]]>
		</hook>		
		<hook id="vt_row_pre_display">
		<![CDATA[
if ($forum_config['o_warn_enabled'] == 1){
	$forum_page['author_info']['warn'] = '<li><span><a href="'.forum_link($forum_url['warn_view'], $cur_post['poster_id']).'">'.$lang_warn['Warnings'].'</a>: ';
	if($forum_user['id'] != $cur_post['poster_id'] && $forum_user['is_admmod']) { 
        $forum_page['author_info']['warn'] .= '<a class="warn" href="'.forum_link($forum_url['warn_plus'], array($cur_post['id'],$cur_post['poster_id'])).'">+</a>&nbsp;';
       	$forum_page['author_info']['warn'] .= $cur_post['uWarn'];
        $forum_page['author_info']['warn'] .= '&nbsp;<a class="warn" href="'. forum_link($forum_url['warn_minus'], array($cur_post['id'],$cur_post['poster_id'])) .'">-</a>'; 
    }  
    else {
       	$forum_page['author_info']['warn'] .= $cur_post['uWarn'];
    }
		$forum_page['author_info']['warn'] .= '</span></li>';
}					
		]]>
		</hook>
		<hook id="mi_new_action"><![CDATA[
$section = isset($_GET['section']) ? $_GET['section'] : null;
		if ($forum_config['o_warn_enabled'] == '1' )
		{

if ($section == 'warn') {
	if (file_exists($ext_info['path'].'/lang/'.$forum_user['language'].'.php'))
		require $ext_info['path'].'/lang/'.$forum_user['language'].'.php';
	else
		require $ext_info['path'].'/lang/English.php';
		
	require $ext_info['path'].'/functions.php';
	
	$forum_page = array();
	
	$mi_text = mi_get_page($forum_page);
		
	define('FORUM_PAGE', 'punishments');
	require FORUM_ROOT.'header.php';

	ob_start();	
		
	echo $mi_text;
	
	$tpl_temp = trim(ob_get_contents());
	$tpl_main = str_replace('<!-- forum_main -->', $tpl_temp, $tpl_main);
	ob_end_clean();
	
	require FORUM_ROOT.'footer.php';
}
		}
		]]></hook>
		<hook id="pf_change_details_about_pre_header_load"><![CDATA[

				if (file_exists($ext_info['path'].'/lang/'.$forum_user['language'].'.php'))
					require $ext_info['path'].'/lang/'.$forum_user['language'].'.php';
				else
					require $ext_info['path'].'/lang/English.php';
		
if ($forum_config['o_warn_enabled'] == 1){
	$forum_page['user_info']['warn'] = '<li><span><a href="'.forum_link($forum_url['warn_view'], $id).'">'.$lang_warn['Warnings'].':  '.$user['warn_count'].'</a>';
}
		]]></hook>		
		<hook id="co_modify_url_scheme"><![CDATA[
if (file_exists($ext_info['path'].'/url/'.$forum_config['o_sef'].'.php'))
	require $ext_info['path'].'/url/'.$forum_config['o_sef'].'.php';
else
	require $ext_info['path'].'/url/Default.php';
		]]></hook>
		<hook id="re_rewrite_rules"><![CDATA[
$forum_rewrite_rules['/^warn[\/_-]?(\.html?|\/)?$/i'] = 'misc.php?section=warn';
$forum_rewrite_rules['/^warn[\/_-]?(p|page\/)([0-9]+)(\.html?|\/)?$/i'] = 'misc.php?section=warn&p=$1';
		]]></hook>	
		<hook id="aop_features_validation"><![CDATA[
if (!isset($form['warn_enabled']) || $form['warn_enabled'] != '1') $form['warn_enabled'] = '0';
$form['warn_maxmessage'] = intval($form['warn_maxmessage']);
		]]></hook>
		
		<hook id="aop_features_message_fieldset_end"><![CDATA[
				if (file_exists($ext_info['path'].'/lang/'.$forum_user['language'].'.php'))
					require $ext_info['path'].'/lang/'.$forum_user['language'].'.php';
				else
					require $ext_info['path'].'/lang/English.php';
	// Reset counter
	$forum_page['group_count'] = $forum_page['item_count'] = 0;
?>
			<div class="content-head">
				<h2 class="hn"><span><?php echo $lang_warn['Warn features head'] ?></span></h2>
			</div>
			<fieldset class="frm-group group<?php echo ++$forum_page['group_count'] ?>">
				<legend class="group-legend"><span><?php echo $lang_warn['Warn legend'] ?></span></legend>
				<div class="sf-set set<?php echo ++$forum_page['item_count'] ?>">
					<div class="sf-box checkbox">
						<span class="fld-input"><input type="checkbox" id="fld<?php echo ++$forum_page['fld_count'] ?>" name="form[warn_enabled]" value="1"<?php if ($forum_config['o_warn_enabled'] == '1') echo ' checked="checked"' ?> /></span>
						<label for="fld<?php echo $forum_page['fld_count'] ?>"><span><?php echo $lang_warn['Warn enable legend'] ?></span> <?php echo $lang_warn['Warn enable'] ?></label>
					</div>
				</div>
				<div class="sf-set set<?php echo ++$forum_page['item_count'] ?>">
					<div class="sf-box text">
						<label for="fld<?php echo ++$forum_page['fld_count'] ?>"><span><?php echo $lang_warn['Max message'] ?></span><small><?php echo $lang_warn['Max message help'] ?></small></label><br />
						<span class="fld-input"><input type="text" id="fld<?php echo $forum_page['fld_count'] ?>" name="form[warn_maxmessage]" size="6" maxlength="6" value="<?php echo intval($forum_config['o_warn_maxmessage']) ?>" /></span>
					</div>
				</div>
			</fieldset>
<?php		
				
		]]></hook>
		<hook id="agr_default_group_fieldset_end"><![CDATA[
				if (file_exists($ext_info['path'].'/lang/'.$forum_user['language'].'.php'))
					require $ext_info['path'].'/lang/'.$forum_user['language'].'.php';
				else
					require $ext_info['path'].'/lang/English.php';
?>
			<fieldset class="frm-group group<?php echo ++$forum_page['group_count'] ?>">
				<legend class="group-legend"><span><?php echo $lang_warn['Default group legend'] ?></span></legend>
				<div class="sf-set set<?php echo ++$forum_page['item_count'] ?>">
					<div class="sf-box select">
						<label for="fld<?php echo ++$forum_page['fld_count'] ?>"><span><?php echo $lang_warn['Default group label'] ?></span></label><br />
						<span class="fld-input"><select id="fld<?php echo $forum_page['fld_count'] ?>" name="warn_group">
<?php

$query = array(
	'SELECT'	=> 'g.g_id, g.g_title',
	'FROM'		=> 'groups AS g',
	'WHERE'		=> 'g_id>'.FORUM_GUEST.' AND g_moderator=0',
	'ORDER BY'	=> 'g.g_title'
);

$result = $forum_db->query_build($query) or error(__FILE__, __LINE__);
while ($cur_group = $forum_db->fetch_assoc($result))
{
	if ($cur_group['g_id'] == $forum_config['o_warn_group'])
		echo "\t\t\t\t\t\t\t".'<option value="'.$cur_group['g_id'].'" selected="selected">'.forum_htmlencode($cur_group['g_title']).'</option>'."\n";
	else
		echo "\t\t\t\t\t\t\t".'<option value="'.$cur_group['g_id'].'">'.forum_htmlencode($cur_group['g_title']).'</option>'."\n";
}

?>
						</select></span>
					</div>
				</div>
			</fieldset>
<?php		
		]]></hook>
		<hook id="agr_set_default_group_form_submitted"><![CDATA[
			$warn_id = intval($_POST['warn_group']);
			
			if ($warn_id == FORUM_ADMIN || $warn_id == FORUM_GUEST)
				message($lang_common['Bad request']);
				
			$query = array(
				'SELECT'	=> 'g.g_id',
				'FROM'		=> 'groups AS g',
				'WHERE'		=> 'g.g_id='.$warn_id.' AND g.g_moderator=0',
				'LIMIT'		=> '1'
			);

			$result = $forum_db->query_build($query) or error(__FILE__, __LINE__);
			if (!$forum_db->num_rows($result))
				message($lang_common['Bad request']);
				
			$query = array(
				'UPDATE'	=> 'config',
				'SET'		=> 'conf_value='.$warn_id,
				'WHERE'		=> 'conf_name=\'o_warn_group\''
			);
			
			$forum_db->query_build($query) or error(__FILE__, __LINE__);
		]]></hook>
		</hooks>
	</hooks>
</extension>
